{"cameraMode":{"drawMode":0,"name":"Shaded","section":"Shading Mode"},"sceneLighting":true,"audioPlay":false,"sceneViewState":{"m_AlwaysRefresh":false,"showFog":true,"showSkybox":true,"showFlares":true,"showImageEffects":true,"showParticleSystems":true,"showVisualEffectGraphs":true,"m_FxEnabled":false},"in2DMode":false,"pivot":{"x":3.0276265144348146,"y":3.2176895141601564,"z":69.35777282714844},"rotation":{"x":-0.02399725466966629,"y":-0.006303350441157818,"z":0.00015074598195496947,"w":-0.9996910095214844},"size":40.11098098754883,"orthographic":false}